ref	extension	title	artist
542988	webp	Metsää	Henry Ericsson
395854	webp	Laulujoutsenia, luonnos	Ferdinand von Wright
432809	jpg	Syysaamu Hakadalissa (Syysaamu Ringerikessä)	Werner Holmberg
448349	webp	Muurahaiskeko	Kalle Löytänä
612024	webp	Massaciuccolin järvellä	Elin Danielson-Gambogi
624059	webp	Näkymä Dolon sululta	Canaletto
421915	webp	Landscape from Sicily	Werner von Hausen
380458	jpg	Italialainen maalaislinna	Robert Wilhelm Ekman
410565	webp	Forum Romanum	Eero Järnefelt
439676	jpg	Shed in the Taos Mountains	Akseli Gallen-Kallela
496333	jpg	Pyreneiltä (Bargues)	Oscar Parviainen
432141	jpg	Atlas-vuoristosta	Anton Lindforss
509170	webp	Alpine Lake	Fanny Churberg
624735	webp	Stegeborg Castle ruins by moonlight	Lars Theodor Billing
615308	jpg	Tukholman linna	Magnus von Wright
524858	webp	Lakeside Landscape	Akseli Gallen-Kallela
392920	webp	Moonlight by the Sea	Charles-François Daubigny
596746	webp	Sjundby Manor	Helene Schjerfbeck
545129	jpg	Vene matalikolla	Hugo Simberg
1902772	webp	Coastal cliffs at Villinki	Helmi Biese
563202	webp	Bathing Cabin	Hugo Simberg
533365	webp	Meri ja purjelaivoja	Oscar Kleineh
625627	webp	Burning Steamship	Marcus Larson
407324	webp	Harbour scene (Concarneau)	Émile Louis Vernier
384540	webp	Rantamaisema	Eugen Taube
422226	jpg	Rosehearty Pier	Alfred William Finch
395958	jpg	View over the Rhine at Düsseldorf	Victor Westerholm
511292	webp	Tammisaari Church	Helene Schjerfbeck
587128	jpg	Vaahtopäitä	Hugo Simberg
423323	jpg	Olavinlinna, luonnos	Hjalmar Munsterhjelm
623820	webp	Katajanokka, sketch	Magnus von Wright
473087	jpg	The Nyländska Jaktklubben Harbour in Helsinki	Albert Edelfelt
460227	jpg	Kaupunkikuva Cannesista	Meri Genetz
522086	jpg	Paris	Juho Salminen
467610	webp	Näköala Havnegadelta	Albert Gottschalk
433446	jpg	Eteläsatamasta	Albert Edelfelt
491897	webp	City View from Eira, Helsinki	William Lönnberg
390096	webp	Näköala Tähtitorninmäeltä pohjoiseen	Erik Wilhelm Le Moine
624224	webp	Näkymä Oulusta	Magnus von Wright
388939	webp	The Overtoom in Amsterdam	unknown artist
399604	jpg	Impivaara from Far	Akseli Gallen-Kallela
392848	webp	A Dutch Townscape	Aert van der Neer
469434	jpg	Tunturimaisema iltaruskossa	Maria Wiik
381055	jpg	Storm in the Mountains	Katsushika Hokusai
387985	jpg	Saaristomaisema Tammisaaresta, purjevene	Werner Holmberg
622203	webp	Hämeenlinna, view for illustration in Finland Depicted in Drawings	Magnus von Wright
459803	webp	Spring Evening, Ice Break	Hugo Simberg
626248	webp	Heinola	Magnus von Wright
471284	jpg	Landscape from Inha	Wilho Sjöström
389658	jpg	A Summer's Day on Lake Päijänne	Thorsten Waenerberg
624081	webp	Joensuu	Magnus von Wright
394991	jpg	Crofter's Cottage in Kuru	Werner Holmberg
395315	jpg	Lakeside Landscape	Ferdinand von Wright
404224	jpg	Torppa ulkorakennuksineen, harjoitelma	Hjalmar Munsterhjelm
390132	webp	Cottages on the dunes	Jacob van Ruisdael
617624	jpg	Talon piha, vaatteita peseviä naisia Tuomarinkylässä	Werner Holmberg
429360	webp	Crofter's Cottage on a Hillside	Hjalmar Munsterhjelm
625625	webp	Snappertunan kirkko ja kylää	Magnus von Wright
387299	jpg	Talo metsässä	Werner Holmberg
412544	webp	Karlsson’s Cottage	Albert Edelfelt
386153	jpg	Ristikkorakennus lehtimetsän ympäröimänä	Werner Holmberg
472423	jpg	Mustion ruukki	Magnus von Wright
625385	webp	Helsinki Harbour, Katajanokka and Kruunuhaka, illustration for Finland Depicted in Drawings, page no. 3	Magnus von Wright
433462	jpg	Torppamaisema Tuuloksesta	Hjalmar Munsterhjelm
396813	jpg	Breton Village by The Coast (Camaret)	Charles Cottet
402673	webp	Silta Sevresissä	Alexander Lauréus
384318	webp	Rakennuksia, harjoitelma	Werner Holmberg
502492	jpg	Landscape from France	Alvar Cawén
394702	jpg	Street in Auvers-sur-Oise ; Village Street ; Road at Auvers	Vincent van Gogh
391594	jpg	The city gate, Senlis	I.M.
621397	webp	Heinola, Jyränkö Stream	Nils Schillmark
403124	webp	Palazzolon kapusiiniluostarin luona	Alexander Lauréus
403183	jpg	Tuomarinkylä	Werner Holmberg
393141	webp	Helsinki Sörnäisistä nähtynä	Erik Wilhelm Le Moine
386578	jpg	Fagervikin kartano	Pehr Adolf Kruskopf
440660	webp	Flowers	unknown artist
413129	jpg	Flowers and Fruit of Provence	Lucie Cousturier
455337	webp	Winter Landscape, Sunset	Fanny Churberg
480922	webp	View of Helsinki, the Finnish Sugar Co.	Väinö Kunnas
509151	jpg	Load of Hay	Pekka Halonen
454016	jpg	Satamakuva	Alfred William Finch
455802	webp	The Ice in March	Fanny Churberg
477052	jpg	Katu vanhassa kaupungissa	Albert Edelfelt
453875	webp	Rantakylä	Santeri Salokivi
439098	jpg	Kaupunkikuva	Alfred William Finch
523842	webp	Winter Morning	Hjalmar Munsterhjelm
521785	jpg	Winter Landscape	Hugo Simberg
610382	jpg	Winter Landscape	Hanna Frosterus-Segerstråle
542896	webp	Maisema, tie, taloja	Magnus Enckell
496814	jpg	Village Road	Isaak Iljitš Levitan
533706	webp	St. Cloud'n puisto, Pariisi	Henry Ericsson
386836	jpg	Farmhouse in the Woods, Study	Werner Holmberg
495599	jpg	Winter Landscape	Vilho Lampi
472551	jpg	Luminen pihamaa	Akseli Gallen-Kallela
567611	jpg	Jäätynyt laiva	Hugo Simberg
473244	jpg	Lake with Snow on the Shore	Väinö Blomstedt
517064	jpg	Richmond, a River Landscape	Alfred William Finch
616405	jpg	Tammerkoski	Magnus von Wright
625544	webp	Rapids in Norway	Hans Gude
518445	jpg	Richmond, Thames	Alfred William Finch
518439	jpg	Seine	Alfred William Finch
551789	webp	River Landscape	Sulho Sipilä
613951	jpg	Pine	Einar Ilmoni
393439	webp	Oliivimetsää Mentonassa	Christian Zacho
474058	jpg	Rantamaisema	Albert Edelfelt
456394	webp	Puuharjoitelma	Berndt Lindholm
384612	jpg	Pariisin laidoilta	Hugo Simberg
410362	webp	Antibes	Paul Signac
2172040	webp	Landscape from Suursaari	Oskari Paatela
403391	webp	Harjoitelma maalaukseen Munkki viinikellariksi muutetuissa raunioissa	Alexander Lauréus
612226	jpg	Interiööri	Verner Thomé
413404	webp	Interior	Eero Järnefelt
614369	jpg	Sisäkuva ranskalaisesta maalaistalosta	Adolf von Becker
401633	jpg	Little Girl in Front of an Open Chest of Drawers	Ivar Arosenius
397583	jpg	Interior on Åland	Karl Emanuel Jansson
616720	jpg	Sisäkuva ranskalaisesta maalaistalosta	Adolf von Becker
617726	jpg	Sisäkuva, hollantilainen aihe	Jac. Ahrenberg
600449	jpg	Exhibition of the Finnish Art Society in Ateneum	photograph
616509	jpg	Tuvansisusta Ahvenanmaalta	Karl Emanuel Jansson
396137	jpg	Tuvansisusta Ahvenanmaalta	Karl Emanuel Jansson
403390	jpg	Yliopiston avajaiset, harjoitelma Helsingin Yliopiston juhlasalin seinämaalaukseksi	Akseli Gallen-Kallela
456604	jpg	Från Palais de Justice i Paris	Alexander Barkoff
613798	jpg	Sisäkuva, luonnos	Arvid Liljelund
451803	jpg	Autumn	Anton Lindforss
429524	jpg	Townscape	Väinö Kunnas
538674	webp	Naisia rannalla	Maria Wiik
529264	webp	Koli	Eero Järnefelt
382177	webp	Italialainen kylä kukkulalla	Robert Wilhelm Ekman
385986	jpg	Tampere	Pehr Adolf Kruskopf
481868	jpg	Banks of the Seine	Magnus Enckell
620482	jpg	View from Hisingen near Gothenburg	Berndt Lindholm
443620	webp	The Wellington Racecourse in Drizzle (Ostende)	Alfred William Finch
389248	jpg	Firenzen seuduilta	Elin Danielson-Gambogi
623907	webp	Landscape from Italy, Study	Nils Jakob Olsson Blommér
508099	jpg	Petsamo Fjord	Anton Lindforss
394058	webp	Meadow with Summer Flowers	Eero Järnefelt
625152	webp	Näköala Aavasaksalta	Magnus von Wright
380737	jpg	Leppälahden talo Kurussa	Werner Holmberg
393994	jpg	Ilta-aurinko	Per Ekström
572175	webp	Vy från Dieppe:"Parc aux huitres"	unknown artist
385900	jpg	Ämmäkoski Rapids in Kajaani, original drawing for Finland Depicted in Drawings	Lennart Forstén
470955	webp	The Rocks of Knutsboda	Victor Westerholm
455726	jpg	Kappeli Norjassa	Oscar Kleineh
419134	jpg	View from Eläintarha at Sunset	Akseli Gallen-Kallela
625161	webp	Vierwaldstätter See -järven rantamaisema	Thomas Joachim Legler
623880	jpg	Norwegian Fell Landscape	Per Gustaf von Heideken
482499	webp	A Belgian harbour	Alfred William Finch
618863	webp	View of the Shore at Douarnenez	Amélie Lundahl
379397	jpg	Landscape with Ducks	Ferdinand von Wright
383979	webp	Järvenlahtimaisema, etualalla vanha lato ja taustalla metsäinen ranta	Werner Holmberg
454619	webp	Olavinlinna	Elias Muukka
612065	webp	Landscape, Evening Mood	Jean-Baptiste-Camille Corot
617893	jpg	Landscape from lowlands near Haarlem	Thorsten Waenerberg
413861	webp	Landscape	Arvid Liljelund
573977	jpg	After the Great Fire of Turku	Gustaf Wilhelm Finnberg
482882	webp	Barösund	Frans Maexmontan
384711	jpg	Steeple in a Landscape in Odenthal, Study	Werner Holmberg
507832	jpg	Saaristolaisaihe	Oscar Kleineh
498426	jpg	View from the Banks of the Volga near Stavropol	Ilja Repin
429541	jpg	Vanha oliivipuu	Anton Lindforss
450124	webp	Red Road	Carl Kylberg
451526	webp	Cabbage patch	Hans Smidth
486541	jpg	Mountain Stream in Caucasia	Hugo Simberg
397809	webp	Forest Landscape near Näsijärvi ; Unfinished	Werner Holmberg
489957	jpg	Landscape from Tyrol	Venny Soldan-Brofeldt
396805	webp	Rantakuva	Berndt Lindholm
476713	jpg	Seashore in the Evening ; Landscape, Evening	Albert Edelfelt
397636	webp	Landscape with Croft	Eero Järnefelt
469131	jpg	Racecourse at Deauville	Raoul Dufy
503433	jpg	Landscape from Padasjoki	Alfred William Finch
2450142	webp	Landscape	Elias Martin
391751	jpg	Evening over Marshland	Gottfrid Kallstenius
451006	jpg	Tehdasrakennuksia joen rannalla	Alfred William Finch
471030	jpg	Landscape near Träskända Manor	Magnus von Wright
461562	jpg	Landscape from Southern France	Meri Genetz
387171	jpg	Pilvinen taivas, harjoitelma	Werner Holmberg
1902277	webp	Oyster Pickers	Berndt Lindholm
626153	webp	Gripsholm Castle	Lars Theodor Billing
402629	webp	Monte Cavi alhaaltapäin	Alexander Lauréus
386876	jpg	Rantamaisema, lehtimetsää ja rakennuksia	Werner Holmberg
422553	webp	In the Borély Park	Verner Thomé
454653	jpg	Autumn Landscape	Fanny Churberg
436294	webp	Rantamaisema, pitkä laituri	Albert Edelfelt
394484	webp	View of a Lake and Ridges	Eero Järnefelt
616271	webp	Rantamaisema Leppälahdelta	Werner Holmberg
429046	jpg	Landscape Sketch from Hamari	Albert Edelfelt
398051	webp	By a Stream	Hjalmar Munsterhjelm
616362	jpg	Saksalainen maisema	Werner Holmberg
383840	webp	Rainy Weather at Hampton Court	Alfred William Finch
386049	jpg	Tie ja rakennus maisemassa	Werner Holmberg
394739	jpg	Light behind the Clouds	Akseli Gallen-Kallela
3284849	webp	St Cloud	Albert Edelfelt
408447	webp	Moonlight, study	Fanny Churberg
410927	jpg	Skoonelainen maisema	Johan Ericson
573922	webp	Naisia pariisilaisessa puistossa	Alvar Cawén
611462	webp	St. Guénole	Maxime-Emile-Louis Maufra
470562	webp	Archipelago View	Venny Soldan-Brofeldt
396672	jpg	Landscape	Ivan Aguéli
455947	jpg	Shocks of Rye	Fanny Churberg
623236	webp	Landscape from Savo	Berndt Lindholm
431052	webp	Summer Landscape from Liinakhamari	Anton Lindforss
414552	webp	Icebreaker	Juho Rissanen
383697	jpg	Metsämaisema, ristikkorakennus, lampi ja tie	Werner Holmberg
394871	jpg	Dutch Landscape	Victor Westerholm
431197	webp	Vanha tie Annebergistä	William Lönnberg
496659	jpg	Träskändan kartanosta	Magnus von Wright
614057	jpg	Fishing Hut	Aukusti Uotila
395914	jpg	Path in the Forest	Eero Järnefelt
623148	webp	Aurinko nousee meren yllä	Juho Mäkelä
387916	jpg	Hiekkakuoppa, harjoitelma	Werner Holmberg
399826	jpg	Landscape from Louhisaari, Study	Gustaf Wilhelm Finnberg
392818	jpg	Kesäyö Bergslagenissa	Olof Arborelius
455198	webp	Talviaihe	Elias Muukka
503832	jpg	Landscape	Juho Mäkelä
401049	webp	The Road Bridge at L'Estaque	Paul Cézanne
380365	webp	November Evening	Hjalmar Munsterhjelm
390411	jpg	Butry-sur-Oise	Charles-François Daubigny
470362	webp	Orchard at La Louvière	Alfred William Finch
515675	jpg	Oak in Kilo	Magnus Enckell
388373	webp	Landscape with a Lake	Ada Thilén
387558	jpg	View Towards Erkrath Church, study	Werner Holmberg
398856	jpg	Landscape	Roger Fry
473013	webp	Landscape with Rowan Trees	Arvid Järnefelt
429735	jpg	Rytty Manor	Hjalmar Munsterhjelm
395711	jpg	Lakeside Landscape	Hjalmar Munsterhjelm
500212	webp	Landscape (Suursaari Island?)	Alfred William Finch
396517	jpg	Forest Interior	Berndt Lindholm
452040	webp	Table Mount	Sulho Sipilä
385533	jpg	Imatra ; keskeneräinen	Werner Holmberg
385826	jpg	Metsäpolku, maisemaharjoitelma	Werner Holmberg
489194	jpg	Spring Landscape	Fanny Churberg
454614	jpg	View from Meilahti	Adolf von Becker
394736	jpg	Autumn Clouds	Juho Mäkelä
387182	jpg	Viljapelto metsän reunassa, harjoitelma	Werner Holmberg
393627	jpg	Aavasaksa	Ferdinand von Wright
387817	jpg	Hiekkadyynejä Hildenissä Saksassa	Werner Holmberg
395474	webp	Norwegian Mountain Landscape	Wilhelm Maximilian Carpelan
516837	jpg	Lush Island	Gabriel Engberg
381313	webp	Sadekuuro Kristianian vuonolla	Werner Holmberg
471397	jpg	Sand Bank	Akseli Gallen-Kallela
569370	jpg	Heinäsuovat, Englanti	Alfred William Finch
506463	jpg	Linna Englannissa	Alfred William Finch
462048	webp	Kalkkivuoria, Les Beaux	Werner von Hausen
426334	webp	Lilac Bush	Eero Järnefelt
428329	webp	Fishing Boat	Eero Järnefelt
397357	jpg	Before the Thunderstorm	Hjalmar Munsterhjelm
454879	jpg	Landscape in Moonlight	Fanny Churberg
396173	jpg	Christineholms kvarn sedd från landsvägen	J. A. Cronstedt
472409	jpg	Sallow ; The Weeping Willow	Vilho Lampi
454253	jpg	An August's Night	Alfred William Finch
391830	webp	Ilta	Alfred Wahlberg
431571	webp	River Landscape	Kasper Järnefelt
387159	jpg	Hillside Landscape	Werner Holmberg
483767	webp	Summer Night Moon	Eero Järnefelt
519895	jpg	Landscape of Suomenlinna	Juho Salminen
508642	jpg	Windmill	Victoria Åberg
471383	jpg	Träskändan kartanon rantaa	Magnus von Wright
520780	jpg	Lapland Mountain Birches	Kullervo Koivisto
379431	jpg	Palazzolo, Italian Landscape	Robert Wilhelm Ekman
392870	webp	Bohusin linnan rauniot	Georg Pauli
431062	webp	Lehmiä järven rannalla	Fridolf Weurlander
470047	webp	Fruit Tree in Blossom	Arvid Järnefelt
434158	jpg	Urajärven museo	Alfred William Finch
431709	webp	Stream Landscape	Hjalmar Munsterhjelm
430652	webp	Rye Field	Kasper Järnefelt
396035	jpg	Vy av ett slott (Gripsholm?) på en udde i mittplanet	Ulrik Thersner
431283	jpg	Storm on Lake Näsijärvi	Werner Holmberg
409796	webp	Forest Interior	Berndt Lindholm
411212	jpg	The Foreman’s House at the Saari Manor	Albert Edelfelt
383288	jpg	Männikkö lähellä järvenrantaa ; aloitettu öljymaalaus	Werner Holmberg
404467	webp	Landscape from Provençe	Theo van Rysselberghe
396531	jpg	Stormsin eli Degervikin kruununvirkatalo Kirkkonummella	Werner Holmberg
433279	webp	Farmyard	Kasper Järnefelt
552266	jpg	Sunset	Väinö Blomstedt
506760	jpg	Landscape from Koli	Eero Järnefelt
609487	jpg	Landscape Study	Victor Westerholm
404984	webp	Signildskär	Victor Westerholm
410691	jpg	Landscape	Albert Edelfelt
508856	jpg	Sininen taivas	Carl Wargh
614144	jpg	View from Pyynikki Ridge	Helmi Biese
616259	jpg	Summer Night by the Sea, Tisvilde	Viggo Pedersen
405869	webp	Valkoinen talo	William Lönnberg
396263	webp	The Rushes	Akseli Gallen-Kallela
394950	jpg	Landscape from Matinaho in Ylitornio	Johan Knutson
397257	webp	Rock Covered in Ice and Snow	Pekka Halonen
391623	webp	The water mill	Meindert Hobbema
422040	jpg	Suomalainen järvimaisema	Werner Holmberg
379393	webp	Italialainen vuoristokaupunki	Robert Wilhelm Ekman
384356	jpg	Vesimylly suomalaisessa metsässä	Werner Holmberg
624618	webp	Asgårdsreia, luonnos	Nils Jakob Olsson Blommér
395215	webp	Harmaa hirsirakennus maisemassa	Johan Knutson
3404207	webp	Landscape	Meri Genetz
456640	jpg	Inside the Forest	Fanny Churberg
523057	jpg	Barn	Juho Mäkelä
625981	webp	The Rising Moon on the River Bank ; Village by the Light of the Moon	Charles-François Daubigny
513883	webp	Nocturne (Liminka)	Vilho Lampi
610376	webp	Summer Day in Normandy	Julia Stigzelius-de Cock
395834	webp	Meadow and Fence	Eero Järnefelt
493168	jpg	Late Winter Landscape	Venny Soldan-Brofeldt
616284	webp	Landscape in Moonlight	Victoria Åberg
661607	webp	Maisema (rakennuksia rinteessä)	Gerda Thesleff
389036	jpg	Rekolankoski Jämsässä	Johan Knutson
398232	webp	Landscape in Korpilahti	Yrjö Ollila
520667	jpg	Sun on the shore	Juho Mäkelä
426065	jpg	Landscape Study	Anders Ekman
384651	jpg	Kaksi lehtipuuta pienen rakennuksen edessä	Werner Holmberg
587478	jpg	Sarah Bernhardtin linna	Hugo Simberg
494131	webp	Rakennuksia rannalla (Muonio)	Eero Järnefelt
616091	jpg	Maisemakuva paviljonkeineen, puu keskellä	J. P. Lefrén
472803	webp	Mäenrinne Montbéliardista	Albert Edelfelt
470379	jpg	Kaupunkikuva Cagnesista	Carl Wargh
394075	jpg	Rantamaisema Haminalahdesta	Ferdinand von Wright
399371	webp	Roomalainen teatteri Frascatissa Albanovuorilla	Gustaf Wilhelm Palm
408239	jpg	Birches by the Water	Fanny Churberg
409421	webp	Landscape from Espoo	Thorsten Waenerberg
615298	jpg	Näköala Eteläsatamasta Suomenlinnaan	Johan Knutson
397975	jpg	Vallinkoski Rapids	Victor Westerholm
397476	jpg	Landscape with Birch Grove and Rye Field	Hjalmar Munsterhjelm
521327	jpg	Early Spring in the Old Town	Kullervo Koivisto
441534	webp	Alpine Landscape	Alexandre Calame
432701	webp	Porvoo Seen from Näsinmäki Hill	Albert Edelfelt
511885	webp	Savusauna	Oskari Paatela
392754	jpg	Barn in Winter	Hugo Simberg
388197	jpg	Tree in Field Landscape, Study	Werner Holmberg
446331	webp	Örtofta	Albert Edelfelt
523095	jpg	Reindeer in the Night	Kullervo Koivisto
402922	jpg	Northern Landscape	Vasili Dmitrijevitš Polenov
457691	jpg	Winter Landscape	Fanny Churberg
398380	webp	After Sunset	Eero Järnefelt
490808	webp	Summer Night	Elin Danielson-Gambogi
429940	webp	Puita	Albert Edelfelt
519433	webp	Clear Day	Yrjö Ollila
502089	jpg	Bushes	Alfred William Finch
397447	jpg	Islands	Victor Westerholm
476556	jpg	German Farmhouse by a Road	Hjalmar Munsterhjelm
402094	jpg	The Finnish Landscape	Albert Nikolajevitsch Benois
470000	jpg	Seaside Landscape	Magnus Enckell
385211	jpg	Laaja näköala vuoristosta, harjoitelma	Werner Holmberg
394939	webp	Birch Grove Interior	Hjalmar Munsterhjelm
618044	webp	Metsänsisusta, aihe Laajasalosta, Helsingistä	Berndt Lindholm
609179	jpg	A View over the Castle Olavinlinna	Victoria Åberg
619306	jpg	Rantamaisema Bohusläänin saaristosta	Berndt Lindholm
524441	webp	Oulu	Eero Järnefelt
457280	webp	Birch Pasture	Fanny Churberg
473008	jpg	Lakeside View near Träskända Manor	Magnus von Wright
488716	webp	Park View	Wilho Sjöström
564001	webp	View from Koli	Eero Järnefelt
440686	jpg	Cliffs	Hanna Rönnberg
519749	webp	Shore View, Knocke	Alfred William Finch
382965	webp	Männikkö lähellä järvenrantaa	Werner Holmberg
611025	webp	Boats on the Shore	Akseli Gallen-Kallela
501611	jpg	The Beach, Niemenlautta	Hugo Simberg
410270	jpg	Tervun kartano Kurkijoella	Magnus von Wright
609475	jpg	Summer Landscape from Uusimaa Province	Albert Edelfelt
610202	jpg	Kattegat in Storm	Berndt Lindholm
469053	webp	Lowland	Carl Kylberg
384128	jpg	Näköala vuorelta, harjoitelma	Werner Holmberg
520327	jpg	Sun-Wind	Juho Mäkelä
393637	jpg	A Forest Pond	César de Cock
453773	jpg	Summer Landscape	Fanny Churberg
467668	jpg	Amberley River Valley (Arun River)	Alfred William Finch
499030	webp	Log Driving Raft	Gabriel Engberg
517346	jpg	Thunderstorm	Alfred William Finch
385709	jpg	Synkkä taivas, harjoitelma	Werner Holmberg
619817	jpg	The Heinola Residence	Nils Schillmark
504528	webp	Luonnos	Magnus Enckell
508021	webp	Dance on the Bridge	Vilho Lampi
505274	jpg	Autumn Landscape	Magnus Enckell
491732	jpg	Summer Landscape	Venny Soldan-Brofeldt
397451	webp	Shore Landscape	Ellen Favorin
508352	jpg	Landscape	Antti Favén
388210	jpg	Koski, synkkä metsä, kallio ja ruohikkoinen ranta ; keskeneräinen ; Valjastettu hevonen, tussipiirustus (kaksipuolinen teos)	Werner Holmberg
507112	jpg	Shore Landscape	Victor Westerholm
624079	webp	Landscape Study, a copy after Albert Flamm	Augusta Soldan
406665	webp	Hyökyaalto	Karl Nordström
492705	jpg	Landscape	Vilho Lampi
381899	jpg	Pyhäjärvi	Werner Holmberg
390817	jpg	Seaside Landscape, View from Lehtisaari	Magnus von Wright
514046	webp	Amberley River Valley (Arun River), study	Alfred William Finch
519402	jpg	Yellow Haven	Juho Mäkelä
531426	webp	Maisema, puita, luonnos	Magnus Enckell
463363	jpg	Interiööri, karkea harjoitelma	Akseli Gallen-Kallela
535462	webp	(Unknown)	Eero Järnefelt
661663	webp	Interior	Alvar Cawén
405154	jpg	Talonpoikaistupa, sisäkuva	Helene Schjerfbeck
502374	webp	Bal Tabarin, sketch	Magnus Enckell
503190	webp	Interior View of the Finnish Opera, sketch	Magnus Enckell
397705	jpg	Tuvansisusta Ahvenanmaalta	Karl Emanuel Jansson
407504	jpg	In the Atelier	Maria Wiik
469877	jpg	VioletsMaria Wiik
463753	jpg	The Roof of the Sauna ; The Sauna Roof	Vilho Lampi
471024	jpg	Still Life	Vilho Lampi
404332	jpg	Under the Lamp	Paul Sérusier
411427	webp	Still Life	Alfred William Finch
503202	jpg	Still Life	William Lönnberg
540534	webp	Puutarha	Magnus Enckell
499495	webp	(Unknown)	Werner Holmberg
440869	webp	Landscape	Louis Valtat
498003	webp	Flowers	Konstantin Korovin
418849	webp	Flowers	Magnus Enckell
624606	webp	Kasveja, harjoitelma	Nils Jakob Olsson Blommér
612160	webp	Red Apples	Helene Schjerfbeck
610046	jpg	Brook, copy after Johann Wilhelm Schirmer	Hjalmar Munsterhjelm
380977	jpg	Kukkia ja kasveja, harjoitelma	Nils Jakob Olsson Blommér
621653	webp	Helsingin vanhan teatteritalon kulissipiirustus	Carl Ludvig Engel
413279	webp	Johanneksen kirkko, Helsinki	Sulho Sipilä
382298	jpg	Monte di Portio	Robert Wilhelm Ekman
407514	jpg	Ruins	Johan Tobias Sergel
385453	webp	Ruin landscape	Paul Bril
379351	webp	AIHE Italiasta: Kivitalo, keskellä kaksi porttia ja portaat	Robert Wilhelm Ekman
400321	webp	Piha talvella	Eero Järnefelt
457020	webp	The City is Coming	Väinö Kunnas
2278952	webp	Thunder and Heat	Väinö Kunnas
2005703	webp	Maisema, luonnos	Magnus Enckell
451486	jpg	Puita, harjoitelma	Alfred William Finch
456070	jpg	Rantakuva	Alfred William Finch
386794	jpg	Lake Landscape	Werner Holmberg
459075	jpg	Kaupungin rantoja, Purjeveneharjoitelmia	Oscar Kleineh
504786	jpg	Kesän vehreyttä	Fanny Churberg
410892	webp	Wind Fallen Trees	Ivan Ivanovitsh Shishkin
385291	jpg	Lampi metsässä, harjoitelma	Werner Holmberg
401846	jpg	Hämeen linna Pyövelinmäeltä nähtynä	Magnus von Wright
379119	jpg	Sammaleinen kallio metsässä	Werner Holmberg
541540	webp	Kukkia, hajuhernekimppu	Maria Wiik
542305	webp	Rantamaisema	Maria Wiik
539787	webp	Vaaramaisema	Maria Wiik
530292	webp	(Unknown)	Maria Wiik
465051	jpg	Heinähäkki niityllä	Maria Wiik
504381	jpg	Landscape - Wiasholmen in the Pelling Islands	Aukusti Uotila
431397	webp	Olavinlinna	Väinö Hämäläinen
425536	webp	Maantie Etelä-Ranskasta	Wilho Sjöström
521932	jpg	View of the river Marne	Yrjö Ollila
387769	webp	Flowers in a Pot	Yrjö Ollila
435291	webp	Landscape	Ilmari Aalto
411320	webp	Aihe Suursaaresta	Ilmari Aalto
542766	jpg	Maisema St. Ivesistä, n. 1887-1888	Helene Schjerfbeck
542008	jpg	Mahdollisesti lyijykynällä peitetty piirros	Helene Schjerfbeck
540453	jpg	Profiileita, kirjainharjoitelmia	Helene Schjerfbeck
541140	jpg	Magnus Schjerfbeckin tekstiä ja nuottikirjoitusta	Helene Schjerfbeck
285976	jpg	Nuotteja	Helene Schjerfbeck
404388	jpg	Rantamaisema	Helene Schjerfbeck
584232	jpg	Kaskisavua	Hugo Simberg
471390	jpg	View from Muurame	William Lönnberg
433289	jpg	Landscape from Chuguev	Ilja Repin
470389	webp	Shore Landscape from the Naples Region	Magnus Enckell
468842	webp	From the Naples Region	Magnus Enckell
443300	webp	Taos Home in Moonlight	Akseli Gallen-Kallela
613748	jpg	Pilviharjoitelmia paperin molemmilla puolilla	Werner Holmberg
564959	jpg	Helsinki	Barthélemy Lauvergne
454722	jpg	Aihe Porvoosta	Alfred William Finch
416062	webp	Landscape	Arvid Liljelund
384297	jpg	Korkea taivas maiseman yllä, harjoitelma	Werner Holmberg
392739	webp	Thundershower beneath the Summit	Katsushika Hokusai
392546	webp	South Wind at Clear Dawn (Red Fuji)	Katsushika Hokusai
385206	jpg	Pilvinen taivas maiseman yllä, harjoitelma	Werner Holmberg
505167	jpg	Ruissalo Bridge	Elin Danielson-Gambogi
460029	jpg	Aihe Kauniaisista	Sulho Sipilä
588413	webp	Train	Sulho Sipilä
456378	jpg	Winter Evening	Fanny Churberg
469435	jpg	Inside the Forest	Fanny Churberg
456395	webp	Dusky Autumn Landscape	Fanny Churberg
613762	jpg	Talvimaisema, auringon mailleen mentyä	Fanny Churberg
458338	webp	Winter Landscape	Fanny Churberg
498077	webp	Rapakivi Rocks ; Weathered Rocks	Fanny Churberg
454317	jpg	Migrating Birds	Fanny Churberg
449273	jpg	Landscape Study	Fanny Churberg
454256	jpg	Milldam, Landscape from Germany	Fanny Churberg
455391	jpg	Forest, study	Fanny Churberg
422837	webp	Finnish Landscape in Summer	Fanny Churberg
455967	jpg	Landscape in August	Fanny Churberg
402781	jpg	A Clearing, Uusimaa Landscape ; Burnt Clearing, Landscape from Uusimaa	Fanny Churberg
625723	webp	The Port of Douarnenez	Oscar Kleineh
3404199	webp	French Sidewalk Café	Meri Genetz
615583	jpg	Causse Méjean, Limestone Highlands	Emile-René Ménard
504261	jpg	Shore Landscape, Le Havre	Eugène Boudin
473886	webp	Fruit-Trees in Bloom, Suresnes	Victor Westerholm
408963	jpg	Landscape	Ker Xavier Roussel
393514	jpg	Tripleval on the Seine	Charles-François Daubigny
401019	webp	Rantamaisema Normandiasta	Alexandre Defaux
397457	webp	Sadetunnelma satamassa	Emil Jankes
625017	webp	Landscape with ruins	Carl Johan Fahlcrantz