ref;extension;title
542988;webp;Metsää
395854;webp;Laulujoutsenia, luonnos
432809;jpg;Syysaamu Hakadalissa (Syysaamu Ringerikessä)
448349;webp;Muurahaiskeko
528163;jpg;The Bay of Naples
612024;webp;Massaciuccolin järvellä
624059;webp;Näkymä Dolon sululta
421915;webp;Landscape from Sicily
380458;jpg;Italialainen maalaislinna
410565;webp;Forum Romanum
439676;jpg;Shed in the Taos Mountains
496333;jpg;Pyreneiltä (Bargues)
432141;jpg;Atlas-vuoristosta
509170;webp;Alpine Lake
624735;webp;Stegeborg Castle ruins by moonlight
615308;jpg;Tukholman linna
524858;webp;Lakeside Landscape
392920;webp;Moonlight by the Sea
596746;webp;Sjundby Manor
545129;jpg;Vene matalikolla
1902772;webp;Coastal cliffs at Villinki
563202;webp;Bathing Cabin
533365;webp;Meri ja purjelaivoja
625627;webp;Burning Steamship
407324;webp;Harbour scene (Concarneau)
384540;webp;Rantamaisema
422226;jpg;Rosehearty Pier
395958;jpg;View over the Rhine at Düsseldorf
511292;webp;Tammisaari Church
587128;jpg;Vaahtopäitä
423323;jpg;Olavinlinna, luonnos
623820;webp;Katajanokka, sketch
473087;jpg;The Nyländska Jaktklubben Harbour in Helsinki
460227;jpg;Kaupunkikuva Cannesista
522086;jpg;Paris
467610;webp;Näköala Havnegadelta
433446;jpg;Eteläsatamasta
491897;webp;City View from Eira, Helsinki
390096;webp;Näköala Tähtitorninmäeltä pohjoiseen
624224;webp;Näkymä Oulusta
388939;webp;The Overtoom in Amsterdam
442302;webp;Harbour scene
399604;jpg;Impivaara from Far
392848;webp;A Dutch Townscape
469434;jpg;Tunturimaisema iltaruskossa
624016;webp;Kalastajien paluu
381055;jpg;Storm in the Mountains
387985;jpg;Saaristomaisema Tammisaaresta, purjevene
622203;webp;Hämeenlinna, view for illustration in Finland Depicted in Drawings
459803;webp;Spring Evening, Ice Break
626248;webp;Heinola
471284;jpg;Landscape from Inha
389658;jpg;A Summer's Day on Lake Päijänne
624081;webp;Joensuu
394991;jpg;Crofter's Cottage in Kuru
395315;jpg;Lakeside Landscape
404224;jpg;Torppa ulkorakennuksineen, harjoitelma
390132;webp;Cottages on the dunes
617624;jpg;Talon piha, vaatteita peseviä naisia Tuomarinkylässä
429360;webp;Crofter's Cottage on a Hillside
625625;webp;Snappertunan kirkko ja kylää
387299;jpg;Talo metsässä
412544;webp;Karlsson’s Cottage
386153;jpg;Ristikkorakennus lehtimetsän ympäröimänä
472423;jpg;Mustion ruukki
625385;webp;Helsinki Harbour, Katajanokka and Kruunuhaka, illustration for Finland Depicted in Drawings, page no. 3
433462;jpg;Torppamaisema Tuuloksesta
396813;jpg;Breton Village by The Coast (Camaret)
402673;webp;Silta Sevresissä
384318;webp;Rakennuksia, harjoitelma
502492;jpg;Landscape from France
394702;jpg;Street in Auvers-sur-Oise ; Village Street ; Road at Auvers
391594;jpg;The city gate, Senlis
621397;webp;Heinola, Jyränkö Stream
403124;webp;Palazzolon kapusiiniluostarin luona
403183;jpg;Tuomarinkylä
393141;webp;Helsinki Sörnäisistä nähtynä
386578;jpg;Fagervikin kartano
440660;webp;Flowers
413129;jpg;Flowers and Fruit of Provence
455337;webp;Winter Landscape, Sunset
480922;webp;View of Helsinki, the Finnish Sugar Co.
509151;jpg;Load of Hay
454016;jpg;Satamakuva
455802;webp;The Ice in March
477052;jpg;Katu vanhassa kaupungissa
453875;webp;Rantakylä
439098;jpg;Kaupunkikuva
523842;webp;Winter Morning
521785;jpg;Winter Landscape
610382;jpg;Winter Landscape
542896;webp;Maisema, tie, taloja
496814;jpg;Village Road
533706;webp;St. Cloud'n puisto, Pariisi
386836;jpg;Farmhouse in the Woods, Study
495599;jpg;Winter Landscape
472551;jpg;Luminen pihamaa
567611;jpg;Jäätynyt laiva
473244;jpg;Lake with Snow on the Shore
517064;jpg;Richmond, a River Landscape
616405;jpg;Tammerkoski
625544;webp;Rapids in Norway
518445;jpg;Richmond, Thames
518439;jpg;Seine
551789;webp;River Landscape
613951;jpg;Pine
393439;webp;Oliivimetsää Mentonassa
474058;jpg;Rantamaisema
456394;webp;Puuharjoitelma
384612;jpg;Pariisin laidoilta
410362;webp;Antibes
2172040;webp;Landscape from Suursaari
403391;webp;Harjoitelma maalaukseen Munkki viinikellariksi muutetuissa raunioissa
612226;jpg;Interiööri
413404;webp;Interior
614369;jpg;Sisäkuva ranskalaisesta maalaistalosta
401633;jpg;Little Girl in Front of an Open Chest of Drawers
397583;jpg;Interior on Åland
616720;jpg;Sisäkuva ranskalaisesta maalaistalosta
617726;jpg;Sisäkuva, hollantilainen aihe
600449;jpg;Exhibition of the Finnish Art Society in Ateneum
616509;jpg;Tuvansisusta Ahvenanmaalta
396137;jpg;Tuvansisusta Ahvenanmaalta
403390;jpg;Yliopiston avajaiset, harjoitelma Helsingin Yliopiston juhlasalin seinämaalaukseksi
456604;jpg;Från Palais de Justice i Paris
613798;jpg;Sisäkuva, luonnos
451803;jpg;Autumn
429524;jpg;Townscape
538674;webp;Naisia rannalla
529264;webp;Koli
382177;webp;Italialainen kylä kukkulalla
385986;jpg;Tampere
481868;jpg;Banks of the Seine
620482;jpg;View from Hisingen near Gothenburg
429949;jpg;Morning Mood (Island View)
443620;webp;The Wellington Racecourse in Drizzle (Ostende)
389248;jpg;Firenzen seuduilta
623907;webp;Landscape from Italy, Study
508099;jpg;Petsamo Fjord
394058;webp;Meadow with Summer Flowers
625152;webp;Näköala Aavasaksalta
380737;jpg;Leppälahden talo Kurussa
393994;jpg;Ilta-aurinko
572175;webp;Vy från Dieppe:"Parc aux huitres"
385900;jpg;Ämmäkoski Rapids in Kajaani, original drawing for Finland Depicted in Drawings
470955;webp;The Rocks of Knutsboda
455726;jpg;Kappeli Norjassa
419134;jpg;View from Eläintarha at Sunset
625161;webp;Vierwaldstätter See -järven rantamaisema
623880;jpg;Norwegian Fell Landscape
482499;webp;A Belgian harbour
618863;webp;View of the Shore at Douarnenez
379397;jpg;Landscape with Ducks
383979;webp;Järvenlahtimaisema, etualalla vanha lato ja taustalla metsäinen ranta
454619;webp;Olavinlinna
612065;webp;Landscape, Evening Mood
617893;jpg;Landscape from lowlands near Haarlem
413861;webp;Landscape
573977;jpg;After the Great Fire of Turku
482882;webp;Barösund
384711;jpg;Steeple in a Landscape in Odenthal, Study
507832;jpg;Saaristolaisaihe
498426;jpg;View from the Banks of the Volga near Stavropol
429541;jpg;Vanha oliivipuu
450124;webp;Red Road
451526;webp;Cabbage patch
486541;jpg;Mountain Stream in Caucasia
397809;webp;Forest Landscape near Näsijärvi ; Unfinished
489957;jpg;Landscape from Tyrol
396805;webp;Rantakuva
476713;jpg;Seashore in the Evening ; Landscape, Evening
397636;webp;Landscape with Croft
469131;jpg;Racecourse at Deauville
503433;jpg;Landscape from Padasjoki
2450142;webp;Landscape
391751;jpg;Evening over Marshland
451006;jpg;Tehdasrakennuksia joen rannalla
471030;jpg;Landscape near Träskända Manor
461562;jpg;Landscape from Southern France
387171;jpg;Pilvinen taivas, harjoitelma
1902277;webp;Oyster Pickers
626153;webp;Gripsholm Castle
402629;webp;Monte Cavi alhaaltapäin
386876;jpg;Rantamaisema, lehtimetsää ja rakennuksia
422553;webp;In the Borély Park
454653;jpg;Autumn Landscape
436294;webp;Rantamaisema, pitkä laituri
394484;webp;View of a Lake and Ridges
616271;webp;Rantamaisema Leppälahdelta
429046;jpg;Landscape Sketch from Hamari
398051;webp;By a Stream
616362;jpg;Saksalainen maisema
383840;webp;Rainy Weather at Hampton Court
386049;jpg;Tie ja rakennus maisemassa
394739;jpg;Light behind the Clouds
3284849;webp;St Cloud
408447;webp;Moonlight, study
410927;jpg;Skoonelainen maisema
573922;webp;Naisia pariisilaisessa puistossa
611462;webp;St. Guénole
470562;webp;Archipelago View
396672;jpg;Landscape
455947;jpg;Shocks of Rye
623236;webp;Landscape from Savo
431052;webp;Summer Landscape from Liinakhamari
414552;webp;Icebreaker
383697;jpg;Metsämaisema, ristikkorakennus, lampi ja tie
394871;jpg;Dutch Landscape
431197;webp;Vanha tie Annebergistä
496659;jpg;Träskändan kartanosta
614057;jpg;Fishing Hut
395914;jpg;Path in the Forest
623148;webp;Aurinko nousee meren yllä
387916;jpg;Hiekkakuoppa, harjoitelma
399826;jpg;Landscape from Louhisaari, Study
392818;jpg;Kesäyö Bergslagenissa
455198;webp;Talviaihe
503832;jpg;Landscape
401049;webp;The Road Bridge at L'Estaque
380365;webp;November Evening
390411;jpg;Butry-sur-Oise
470362;webp;Orchard at La Louvière
515675;jpg;Oak in Kilo
388373;webp;Landscape with a Lake
387558;jpg;View Towards Erkrath Church, study
398856;jpg;Landscape
473013;webp;Landscape with Rowan Trees
429735;jpg;Rytty Manor
395711;jpg;Lakeside Landscape
500212;webp;Landscape (Suursaari Island?)
396517;jpg;Forest Interior
452040;webp;Table Mount
385533;jpg;Imatra ; keskeneräinen
385826;jpg;Metsäpolku, maisemaharjoitelma
489194;jpg;Spring Landscape
454614;jpg;View from Meilahti
394736;jpg;Autumn Clouds
387182;jpg;Viljapelto metsän reunassa, harjoitelma
393627;jpg;Aavasaksa
387817;jpg;Hiekkadyynejä Hildenissä Saksassa
395474;webp;Norwegian Mountain Landscape
516837;jpg;Lush Island
381313;webp;Sadekuuro Kristianian vuonolla
471397;jpg;Sand Bank
569370;jpg;Heinäsuovat, Englanti
506463;jpg;Linna Englannissa
462048;webp;Kalkkivuoria, Les Beaux
426334;webp;Lilac Bush
428329;webp;Fishing Boat
397357;jpg;Before the Thunderstorm
454879;jpg;Landscape in Moonlight
396173;jpg;Christineholms kvarn sedd från landsvägen
472409;jpg;Sallow ; The Weeping Willow
454253;jpg;An August's Night
391830;webp;Ilta
431571;webp;River Landscape
387159;jpg;Hillside Landscape
483767;webp;Summer Night Moon
519895;jpg;Landscape of Suomenlinna
508642;jpg;Windmill
471383;jpg;Träskändan kartanon rantaa
520780;jpg;Lapland Mountain Birches
379431;jpg;Palazzolo, Italian Landscape
392870;webp;Bohusin linnan rauniot
431062;webp;Lehmiä järven rannalla
470047;webp;Fruit Tree in Blossom
434158;jpg;Urajärven museo
431709;webp;Stream Landscape
430652;webp;Rye Field
396035;jpg;Vy av ett slott (Gripsholm?) på en udde i mittplanet
431283;jpg;Storm on Lake Näsijärvi
409796;webp;Forest Interior
411212;jpg;The Foreman’s House at the Saari Manor
383288;jpg;Männikkö lähellä järvenrantaa ; aloitettu öljymaalaus
404467;webp;Landscape from Provençe
396531;jpg;Stormsin eli Degervikin kruununvirkatalo Kirkkonummella
433279;webp;Farmyard
552266;jpg;Sunset
506760;jpg;Landscape from Koli
609487;jpg;Landscape Study
404984;webp;Signildskär
410691;jpg;Landscape
508856;jpg;Sininen taivas
614144;jpg;View from Pyynikki Ridge
616259;jpg;Summer Night by the Sea, Tisvilde
405869;webp;Valkoinen talo
396263;webp;The Rushes
394950;jpg;Landscape from Matinaho in Ylitornio
397257;webp;Rock Covered in Ice and Snow
391623;webp;The water mill
422040;jpg;Suomalainen järvimaisema
379393;jpg;Italialainen vuoristokaupunki
384356;jpg;Vesimylly suomalaisessa metsässä
624618;webp;Asgårdsreia, luonnos
395215;webp;Harmaa hirsirakennus maisemassa
3404207;webp;Landscape
456640;jpg;Inside the Forest
523057;jpg;Barn
625981;webp;The Rising Moon on the River Bank ; Village by the Light of the Moon
513883;webp;Nocturne (Liminka)
610376;webp;Summer Day in Normandy
395834;webp;Meadow and Fence
493168;jpg;Late Winter Landscape
616284;webp;Landscape in Moonlight
661607;webp;Maisema (rakennuksia rinteessä)
389036;jpg;Rekolankoski Jämsässä
398232;webp;Landscape in Korpilahti
520667;jpg;Sun on the shore
426065;jpg;Landscape Study
384651;jpg;Kaksi lehtipuuta pienen rakennuksen edessä
587478;jpg;Sarah Bernhardtin linna
494131;webp;Rakennuksia rannalla (Muonio)
616091;jpg;Maisemakuva paviljonkeineen, puu keskellä
472803;webp;Mäenrinne Montbéliardista
470379;jpg;Kaupunkikuva Cagnesista
394075;jpg;Rantamaisema Haminalahdesta
399371;webp;Roomalainen teatteri Frascatissa Albanovuorilla
408239;jpg;Birches by the Water
409421;webp;Landscape from Espoo
615298;jpg;Näköala Eteläsatamasta Suomenlinnaan
397975;jpg;Vallinkoski Rapids
397476;jpg;Landscape with Birch Grove and Rye Field
521327;jpg;Early Spring in the Old Town
441534;webp;Alpine Landscape
432701;webp;Porvoo Seen from Näsinmäki Hill
511885;webp;Savusauna
392754;jpg;Barn in Winter
388197;jpg;Tree in Field Landscape, Study
446331;webp;Örtofta
523095;jpg;Reindeer in the Night
402922;jpg;Northern Landscape
457691;jpg;Winter Landscape
398380;webp;After Sunset
490808;webp;Summer Night
429940;webp;Puita
519433;webp;Clear Day
502089;jpg;Bushes
397447;jpg;Islands
476556;jpg;German Farmhouse by a Road
402094;jpg;The Finnish Landscape
470000;jpg;Seaside Landscape
385211;jpg;Laaja näköala vuoristosta, harjoitelma
394939;webp;Birch Grove Interior
618044;webp;Metsänsisusta, aihe Laajasalosta, Helsingistä
609179;jpg;A View over the Castle Olavinlinna
619306;jpg;Rantamaisema Bohusläänin saaristosta
524441;webp;Oulu
457280;webp;Birch Pasture
473008;jpg;Lakeside View near Träskända Manor
488716;webp;Park View
564001;webp;View from Koli
440686;jpg;Cliffs
519749;webp;Shore View, Knocke
382965;webp;Männikkö lähellä järvenrantaa
611025;webp;Boats on the Shore
501611;jpg;The Beach, Niemenlautta
410270;jpg;Tervun kartano Kurkijoella
609475;jpg;Summer Landscape from Uusimaa Province
610202;jpg;Kattegat in Storm
469053;webp;Lowland
384128;jpg;Näköala vuorelta, harjoitelma
520327;jpg;Sun-Wind
393637;jpg;A Forest Pond
453773;jpg;Summer Landscape
467668;jpg;Amberley River Valley (Arun River)
499030;webp;Log Driving Raft
517346;jpg;Thunderstorm
385709;jpg;Synkkä taivas, harjoitelma
619817;jpg;The Heinola Residence
504528;webp;Luonnos
508021;webp;Dance on the Bridge
505274;jpg;Autumn Landscape
491732;jpg;Summer Landscape
397451;webp;Shore Landscape
508352;jpg;Landscape
388210;jpg;Koski, synkkä metsä, kallio ja ruohikkoinen ranta ; keskeneräinen ; Valjastettu hevonen, tussipiirustus (kaksipuolinen teos)
507112;jpg;Shore Landscape
624079;webp;Landscape Study, a copy after Albert Flamm
406665;webp;Hyökyaalto
492705;jpg;Landscape
381899;jpg;Pyhäjärvi
390817;jpg;Seaside Landscape, View from Lehtisaari
514046;webp;Amberley River Valley (Arun River), study
519402;jpg;Yellow Haven
531426;webp;Maisema, puita, luonnos
463363;jpg;Interiööri, karkea harjoitelma
535462;webp;(Unknown)
661663;webp;Interior
405154;jpg;Talonpoikaistupa, sisäkuva
502374;webp;Bal Tabarin, sketch
503190;webp;Interior View of the Finnish Opera, sketch
397705;jpg;Tuvansisusta Ahvenanmaalta
407504;jpg;In the Atelier
469877;jpg;Violets
463753;jpg;The Roof of the Sauna ; The Sauna Roof
471024;jpg;Still Life
404332;jpg;Under the Lamp
411427;webp;Still Life
503202;jpg;Still Life
540534;webp;Puutarha
499495;webp;(Unknown)
440869;webp;Landscape
498003;webp;Flowers
418849;webp;Flowers
624606;webp;Kasveja, harjoitelma
612160;webp;Red Apples
610046;jpg;Brook, copy after Johann Wilhelm Schirmer
380977;jpg;Kukkia ja kasveja, harjoitelma
621653;webp;Helsingin vanhan teatteritalon kulissipiirustus
413279;webp;Johanneksen kirkko, Helsinki
382298;jpg;Monte di Portio
407514;jpg;Ruins
385453;webp;Ruin landscape
379351;webp;AIHE Italiasta: Kivitalo, keskellä kaksi porttia ja portaat
400321;webp;Piha talvella
457020;webp;The City is Coming
2278952;webp;Thunder and Heat
2005703;webp;Maisema, luonnos
451486;jpg;Puita, harjoitelma
456070;jpg;Rantakuva
386794;jpg;Lake Landscape
459075;jpg;Kaupungin rantoja, Purjeveneharjoitelmia
504786;jpg;Kesän vehreyttä
410892;webp;Wind Fallen Trees
385291;jpg;Lampi metsässä, harjoitelma
401846;jpg;Hämeen linna Pyövelinmäeltä nähtynä
379119;jpg;Sammaleinen kallio metsässä
541540;webp;Kukkia, hajuhernekimppu;Maria Wiik
542305;webp;Rantamaisema;Maria Wiik
539787;webp;Vaaramaisema;Maria Wiik
530292;webp;(Unknown);Maria Wiik
465051;jpg;Heinähäkki niityllä;Maria Wiik
504381;jpg;Landscape - Wiasholmen in the Pelling Islands;Aukusti Uotila
431397;webp;Olavinlinna;Väinö Hämäläinen
425536;webp;Maantie Etelä-Ranskasta;Wilho Sjöström
521932;jpg;View of the river Marne;Yrjö Ollila
387769;webp;Flowers in a Pot;Yrjö Ollila
435291;webp;Landscape;Ilmari Aalto
411320;webp;Aihe Suursaaresta;Ilmari Aalto
542766;jpg;Maisema St. Ivesistä, n. 1887-1888;Helene Schjerfbeck
542008;jpg;Mahdollisesti lyijykynällä peitetty piirros;Helene Schjerfbeck
540453;jpg;Profiileita, kirjainharjoitelmia;Helene Schjerfbeck
541140;jpg;Magnus Schjerfbeckin tekstiä ja nuottikirjoitusta;Helene Schjerfbeck
285976;jpg;Nuotteja;Helene Schjerfbeck
404388;jpg;Rantamaisema;Helene Schjerfbeck
584232;jpg;Kaskisavua;Hugo Simberg
471390;jpg;View from Muurame;William Lönnberg
433289;jpg;Landscape from Chuguev;Ilja Repin
470389;webp;Shore Landscape from the Naples Region;Magnus Enckell
468842;webp;From the Naples Region;Magnus Enckell
443300;webp;Taos Home in Moonlight;Akseli Gallen-Kallela
613748;jpg;Pilviharjoitelmia paperin molemmilla puolilla;Werner Holmberg
564959;jpg;Helsinki;Barthélemy Lauvergne
454722;jpg;Aihe Porvoosta;Alfred William Finch
416062;webp;Landscape;Arvid Liljelund
384297;jpg;Korkea taivas maiseman yllä, harjoitelma;Werner Holmberg
392739;webp;Thundershower beneath the Summit;Katsushika Hokusai
392546;webp;South Wind at Clear Dawn (Red Fuji);Katsushika Hokusai
385206;jpg;Pilvinen taivas maiseman yllä, harjoitelma;Werner Holmberg